ID,Z_LAMBDA,LAMBDA,Mbar,Mdm,R200_kpc,sigma_v_obs,sigma_v_gpf,ratio,n_members
5,0.1704999953508377,174.6999969482422,174699996948242.2,19143026309161.45,177.20081925273138,1813.7693787882258,1252.308330858805,0.6904451831111343,19
6,0.2317000031471252,189.17999267578125,189179992675781.25,21400593901718.2,185.8724868645289,1886.3165969284557,1274.44370315274,0.6756255578877659,13
11,0.127700001001358,131.5800018310547,131580001831054.69,12872603227918.227,149.48716989147783,1531.057202695442,1177.0089746330875,0.7687557150451017,28
25,0.1714999973773956,73.37000274658203,73370002746582.03,5682330492658.328,105.29338996167326,1464.298088042237,1037.4706929310842,0.7085105836054051,11
26,0.1380999982357025,103.0199966430664,103019996643066.4,9138831791355.395,129.0752294756028,4276.617603497114,1116.1288249008442,0.2609840131575368,27
27,0.3831999897956848,185.3800048828125,185380004882812.5,20801209346261.54,183.62327144650328,2924.1366455920397,1268.7607391953309,0.4338924246607666,10
32,0.1378999948501587,105.12999725341795,105129997253417.95,9401948200833.068,130.65498331996602,2387.7310060428917,1121.0355229233296,0.4694982475355065,38
37,0.2946000099182129,155.1300048828125,155130004882812.5,16209688475765.383,165.00893857431768,7912.0052246828745,1220.0968402593076,0.15420829557253116,14
43,0.257099986076355,134.27999877929688,134279998779296.88,13243915462583.705,151.32015733167285,2754.938529547595,1182.2297026983829,0.4291310640940232,10
49,0.1360000073909759,92.11000061035156,92110000610351.56,7813219748596.303,120.69077000778411,1049.287790830043,1089.4698777387184,1.0382946292331194,29
55,0.1191999986767768,99.8000030517578,99800003051757.8,8741446748354.373,126.63924705712415,2217.186628556775,1108.4923348183092,0.49995445603956945,44
68,0.300599992275238,126.33000183105467,126330001831054.67,12159329945247.508,145.87937314638796,3216.9764685709265,1166.622265167046,0.36264557001416087,11
72,0.1582999974489212,81.23999786376953,81239997863769.53,6553576970447.324,111.93139824151562,1504.612920201507,1060.4115446691744,0.7047736533640543,11
78,0.1597999930381775,91.81999969482422,91819999694824.22,7778802437954.902,120.46263513501637,921.5277514021851,1088.72933073895,1.1814395487084932,10
92,0.1168999969959259,96.7699966430664,96769996643066.4,8372160707631.107,124.31811676297792,1104.6880151062667,1101.1342612591318,0.9967830248916089,52
99,0.1345999985933303,91.08999633789062,91089996337890.62,7692358183324.499,119.8870842018436,4238.410438250043,1086.8573157265187,0.256430407474945,22
103,0.1838999986648559,112.2699966430664,112269996643066.4,10307889003748.074,135.90899868060265,22912.18223358719,1137.1061323312392,0.04962888828041636,12
109,0.1348000019788742,76.30999755859375,76309997558593.75,6003638795951.879,107.80498681289265,672.0544159225223,1046.2501027035444,1.5567937326434609,18
110,0.1136000007390976,74.27999877929688,74279998779296.88,5781242450586.508,106.07501937161628,4124.755578784318,1040.2162757322822,0.25218858569041885,11
114,0.1403000056743621,90.1500015258789,90150001525878.9,7581455210972.006,119.14324654066674,3507.514075386554,1084.4299816425507,0.3091733798739036,20
123,0.1206000000238418,77.87999725341797,77879997253417.97,6177273616154.546,109.1303488561152,3465.9385163215898,1050.8335160989245,0.3031887355042227,28
125,0.3799999952316284,131.8699951171875,131869995117187.5,12912339194220.65,149.68475852097816,1150.8261845998477,1177.5735488182227,1.0232418801173482,13
132,0.1397999972105026,86.12999725341797,86129997253417.97,7112409388657.379,115.9264794384572,2065.4566367069383,1073.8273442962843,0.5198982758642376,23
137,0.1022000014781951,75.7300033569336,75730003356933.6,5939853125945.279,107.31261369702888,2366.1963278477683,1044.5387476804449,0.4414421303030804,47
139,0.1404999941587448,72.5,72500000000000.0,5588223265022.863,104.5424782035391,3445.523632340461,1034.821445425481,0.3003379328797556,18
140,0.3553999960422516,139.17999267578125,139179992675781.25,13925412632529.582,154.6094632941025,1873.2155364513148,1191.506101308719,0.6360752823809853,10
142,0.3327000141143799,120.55999755859376,120559997558593.77,11388986091361.07,141.84431205182557,8058.0983997165895,1154.8248140911044,0.14331232467100682,13
143,0.1103999987244606,70.0999984741211,70099998474121.09,5330964024957.356,102.45208286644697,551.4493731336105,1027.3855986536112,1.8630642244010427,10
151,0.1384000033140182,81.94999694824219,81949996948242.19,6633902102573.459,112.51731292267084,2696.9450757407376,1062.3968273246212,0.39392601535751537,29
159,0.1187999993562698,53.52999877929688,53529998779296.88,3654573213764.4365,87.14617443205145,2798.4831813628116,969.9164363482058,0.346586480421824,23
165,0.1374000012874603,78.31999969482422,78319999694824.22,6226188827474.814,109.49986739762998,2453.16410414039,1052.105437937369,0.42887690887113966,24
198,0.1515000015497207,79.52999877929688,79529998779296.88,6361271122625.98,110.51177958461781,1737.8443640070525,1055.5754249637746,0.6074050397297205,15
212,0.1563999950885772,82.08000183105469,82080001831054.69,6648640339817.778,112.62437695906465,2722.364281911394,1062.7589281062274,0.3903808667957015,16
220,0.1680999994277954,84.8499984741211,84849998474121.1,6964871596576.841,114.88969864768815,3064.3589678852795,1070.3726706949237,0.34929741649477514,14
232,0.1342999935150146,67.12999725341797,67129997253417.97,5017458869336.329,99.82514843512581,2926.571390955323,1017.9104528824124,0.3478167168681763,21
237,0.1225999966263771,61.25,61250000000000.0,4413153871943.417,94.48299312143315,1023.3877913141749,998.1667361970391,0.9753553292982434,23
248,0.1254000067710876,68.33000183105469,68330001831054.69,5143473956463.951,100.8920267605731,879.4150546931793,1021.7765106423724,1.161881986428879,23
269,0.1006999984383583,61.880001068115234,61880001068115.234,4476833858280.864,95.06489536180767,1402.1365985615037,1000.3495689241395,0.7134465856967358,31
271,0.1155999973416328,68.87000274658203,68870002746582.03,5200471016463.895,101.36967338110438,2528.8837908279993,1023.4993772175038,0.40472376822123285,30
284,0.2469000071287155,84.93000030517578,84930000305175.78,6974067006849.104,114.95468146876303,1412.3220560005166,1070.5897471233868,0.7580351397719695,14
292,0.1563999950885772,62.72999954223633,62729999542236.33,4563162533088.892,95.84625704191788,2075.5934996329665,1003.2679399824572,0.4833643679072362,12
293,0.1588999927043914,79.18000030517578,79180000305175.78,6322112774826.378,110.21971569273286,1192.7253300166778,1054.5758600878712,0.8841732740539057,13
294,0.133200004696846,67.0,67000000000000.0,5003861305578.526,99.70911662054718,1064.1784961560845,1017.4884877113955,0.9561257734361878,20
298,0.1741999983787536,78.33999633789062,78339996337890.62,6228414477714.639,109.51664102869388,1470.540879390232,1052.1631134191698,0.7154939574719305,12
312,0.1489000022411346,62.91999816894531,62919998168945.31,4582523720707.336,96.02033300084675,1871.6878714144143,1003.9161490667137,0.5363694259065028,11
314,0.2649999856948852,78.58000183105469,78580001831054.69,6255145097969.281,109.71782954807495,877.7312357225486,1052.8544798992114,1.1995180723316758,12
332,0.1352999955415725,64.9000015258789,64900001525878.91,4785674204071.805,97.82206156857755,3730.559277224741,1010.5839518691447,0.27089341752021273,19
341,0.1597000062465667,70.69999694824219,70699996948242.19,5394953340383.604,102.9773292384907,579.5922049047433,1029.262504436402,1.7758391084737977,10
356,0.1385000050067901,58.540000915527344,58540000915527.34,4142231382944.939,91.95209361236071,746.6264080255486,988.5769075195394,1.3240583200557132,12
357,0.1209999993443489,57.810001373291016,57810001373291.016,4070096548452.974,91.26237672337474,821.5634728301713,985.9358395057138,1.200072632378972,22
362,0.1262000054121017,61.650001525878906,61650001525878.91,4453555493529.5,94.85273152160916,669.3196674502406,999.5546383373203,1.4933890141688246,24
364,0.1469999998807907,63.45000076293945,63450000762939.45,4636655444804.216,96.50481132484741,3493.4150453457346,1005.7164765175672,0.28788920396317635,11
367,0.1110000014305114,57.90999984741211,57909999847412.11,4079956466591.855,91.35706217766868,737.9111426756467,986.2991244846913,1.3366096098080267,32
373,0.1289999932050705,65.4000015258789,65400001525878.91,4837371055828.523,98.27354941752598,760.197101077449,1012.2431643847608,1.3315535707122268,19
382,0.1107999980449676,58.130001068115234,58130001068115.234,4101672709699.1035,91.56514459403499,2565.132996810977,987.0966846813034,0.3848130626788089,27
386,0.1171000003814697,68.76000213623047,68760002136230.47,5188845910741.601,101.27249646642116,901.1137868221124,1023.1492581300071,1.135427371207212,26
392,0.1036000028252601,51.95000076293945,51950000762939.45,3504453658648.097,85.59360573658469,769.300969867969,963.7549076378914,1.252767051370409,22
397,0.1482000052928924,62.810001373291016,62810001373291.016,4571312002768.783,95.91958005921468,1020.8358068796675,1003.5410606149039,0.9830582487916176,12
401,0.1318999975919723,58.810001373291016,58810001373291.016,4169002976734.0444,92.20632239023371,4009.0466595246376,989.5473725177699,0.24682859955416506,17
404,0.1424999982118606,68.62000274658203,68620002746582.03,5174061224496.786,101.1487280002033,960.8097082316375,1022.7030389669078,1.0644178865024005,14
408,0.1360999941825866,82.26000213623047,82260002136230.47,6669061815195.73,112.77250224729684,3384.269349615135,1063.259562322424,0.3141769913920533,10
409,0.2381999939680099,84.97000122070312,84970001220703.12,6978666011627.85,114.9871636971945,1594.4157026050455,1070.6982271610402,0.671530157042278,12
410,0.1206000000238418,62.88999938964844,62889999389648.44,4579465236652.18,95.99286223549758,2566.268503882401,1003.813903031362,0.3911570054001495,20
422,0.1636999994516372,49.16999816894531,49169998168945.31,3244746770290.875,82.81520900764004,5387.17108291461,952.5564725139734,0.17681942114944188,20
430,0.1775999963283538,71.41000366210938,71410003662109.38,5470955941459.501,103.59658042357412,941.3468425913999,1031.4679373689123,1.0957363329858538,11
446,0.1220000013709068,53.4900016784668,53490001678466.8,3650750858346.0264,87.10709972103963,1413.5291409507408,969.762186787065,0.6860574421089064,19
454,0.1344999969005584,66.77999877929688,66779998779296.875,4980873469271.987,99.51254448277027,963.3546640604297,1016.7729504322991,1.0554502805298283,20
458,0.2194000035524368,81.1500015258789,81150001525878.9,6543415299640.101,111.85698428886263,1195.8936158709555,1060.1589593033193,0.8864993886025705,12
462,0.1184000000357627,58.13999938964844,58139999389648.44,4102660422644.385,91.57459375539322,3809.6475654914525,987.1328763294247,0.25911396247544555,27
472,0.1577000021934509,54.209999084472656,54209999084472.66,3719732418917.696,87.80871606369864,711.5526071436522,972.5254818651186,1.3667653973879401,14
480,0.1653999984264373,63.720001220703125,63720001220703.125,4664301608211.291,96.75099771914701,623.7390626464341,1006.6292154905709,1.6138627124291198,12
495,0.1168000027537345,53.380001068115234,53380001068115.234,3640244457118.7183,86.99957556430303,8264.123505908516,969.3375120429448,0.11729465458132463,16
504,0.2492000013589859,87.93000030517578,87930000305175.78,7321371501153.92,117.37408826603932,40713.74311065467,1078.6201985309967,0.026492779000924747,10
541,0.1366000026464462,56.02000045776367,56020000457763.67,3894761704351.347,89.55624005917595,1171.379695266105,979.3502511423314,0.8360655858217264,17
542,0.1427000015974044,56.59999847412109,56599998474121.086,3951332049999.5024,90.11142108041555,2494.2045597147235,981.5015076289448,0.3935128351065178,14
543,0.1101000010967254,56.130001068115234,56130001068115.234,3905472737638.529,89.66170998874713,3162.57348785218,979.7595552551838,0.3097981941031747,30
552,0.12219999730587,53.810001373291016,53810001373291.016,3681363857580.8477,87.41939345225803,2054.8249592326606,970.9938105615287,0.4725433211226565,23
559,0.1652999967336654,57.45000076293945,57450000762939.45,4034656762173.649,90.92095950567904,3741.6549905837605,984.6240039055475,0.26315200262542904,12
563,0.1230000033974647,47.95000076293945,47950000762939.45,3132597562326.523,81.57614120510013,5160.685307139763,947.4885183192937,0.18359742203394028,24
564,0.1208000034093856,57.15999984741211,57159999847412.11,4006172508755.0195,90.64530578539646,5201.055136757704,983.5626717332599,0.18910829550374755,13
566,0.3237999975681305,89.31999969482422,89319999694824.22,7483913133176.154,118.48386557417794,4208.166940612444,1082.270681565372,0.2571834000026295,10
568,0.1018999963998794,55.68000030517578,55680000305175.78,3861708254167.183,89.2297188074462,1514.7625596772243,978.0812404229935,0.6456993765619673,29
574,0.1385000050067901,57.36000061035156,57360000610351.56,4025810665092.6016,90.83547161185511,2228.0372002679983,984.2950642599407,0.44177676393443754,12
586,0.2624000012874603,78.2300033569336,78230003356933.6,6216174941514.226,109.42435524438189,3922.050557971875,1051.845726673896,0.2681877021029056,12
615,0.3743999898433685,87.16000366210938,87160003662109.38,7231771170134.993,116.75630191316975,5831.110350978578,1076.5791279280509,0.18462678000037835,11
624,0.3765000104904175,108.6500015258789,108650001525878.9,9845599631097.914,133.26246093424993,2699.1075430195856,1129.057980629843,0.41830788978742456,11
654,0.1058999970555305,50.119998931884766,50119998931884.766,3332851888904.087,83.77156305757919,10048.539334556186,956.4365670309476,0.09518165130148147,28
657,0.1177000030875206,51.88999938964844,51889999389648.44,3498788349235.26,85.53427652629713,2528.9537343025318,963.5181100906381,0.3809947556657733,21
697,0.18019999563694,60.65999984741211,60659999847412.11,4353754202708.0776,93.93586306066774,3140.4966802364193,996.1069084127313,0.3171813282533843,16
717,0.1114000007510185,50.790000915527344,50790000915527.34,3395392998496.593,84.44169053975631,2373.8357177015246,959.1393367185545,0.40404621497870324,30
731,0.1081999987363815,54.09999847412109,54099998474121.086,3709169618531.0483,87.70176602305932,2021.2562599611254,972.1051313007229,0.4809410615353737,25
733,0.1518999934196472,50.220001220703125,50220001220703.125,3342165457960.947,83.87181056362445,683.8030608858168,956.8417225703851,1.3992942958325847,15
737,0.1636999994516372,53.09000015258789,53090000152587.89,3612587351961.1196,86.71567778088661,639.4632393978558,968.2147006509491,1.5141053324076281,10
738,0.1689999997615814,53.869998931884766,53869998931884.766,3687111690953.956,87.47786341371018,2958.435256805712,971.2241069949572,0.3282897960199438,10
752,0.1324999928474426,56.77999877929688,56779998779296.88,3968935765929.075,90.2832562288391,1785.9130423756608,982.1657166713785,0.5499515896725184,30
780,0.1303000003099441,48.29999923706055,48299999237060.55,3164656032483.6323,81.9328876281601,678.0785166108976,948.9524435806361,1.3994728048952099,13
817,0.1402000039815902,53.119998931884766,53119998931884.766,3615445510538.4385,86.7450739447569,993.7127755436605,968.3310656619941,0.9744576999447551,14
837,0.1261000037193298,50.970001220703125,50970001220703.125,3412251563595.8613,84.62112083052656,4106.619414116869,959.8607994797251,0.2337350269616216,14
869,0.1740999966859817,54.65999984741211,54659999847412.11,3763032909620.8853,88.24533633060175,668.6789352684393,974.2383306412253,1.4569598042596033,11
877,0.2816999852657318,69.29000091552734,69290000915527.34,5244925620695.589,101.74013913937102,3087.3951297323697,1024.832277792718,0.33194075741175233,11
894,0.1485999971628189,53.31999969482422,53319999694824.22,3634517241533.0522,86.94088765075166,641.7482638959102,969.1055850977267,1.510102386899348,11
905,0.1368999928236007,54.209999084472656,54209999084472.66,3719732418917.696,87.80871606369864,4454.043527898398,972.5254818651186,0.21834664968440406,14
908,0.1552000045776367,52.18000030517578,52180000305175.78,3526194373168.4863,85.82077525424228,5139.725472229688,964.6606752178844,0.18768719855370028,10
915,0.1181999966502189,44.630001068115234,44630001068115.234,2833206281404.966,78.13868988426997,556.8982465366307,933.1780689767749,1.6756706898975553,19
916,0.1059999987483024,40.45000076293945,40450000762939.45,2468803291030.1772,73.66159314177744,970.1041683997182,913.9497054480996,0.9421150173550425,28
928,0.100500002503395,52.220001220703125,52220001220703.125,3529979380352.648,85.86024305898883,4118.086306235859,964.8178919880994,0.23428792410861152,34
934,0.1076999977231025,45.84999847412109,45849998474121.086,2942223064349.375,79.41336197501583,2862.6054233097934,938.5286832905823,0.32785820764827567,28
996,0.1309999972581863,40.63999938964844,40639999389648.44,2485053309701.5806,73.86899708048354,969.1758777473136,914.8560473309244,0.9439525563279118,16
1004,0.1151999980211258,52.619998931884766,52619998931884.766,3567892073497.8955,86.254246964552,2869.5431577746476,966.3849698610693,0.33677310872386673,22
1007,0.1809999942779541,47.369998931884766,47369998931884.766,3079677674905.597,80.98265519213929,6773.164618685075,945.0444423761616,0.1395277533590539,14
1023,0.1476999968290329,47.43000030517578,47430000305175.78,3085140296212.3716,81.04418578630249,1217.1295943054588,945.2983425685951,0.7766620308891748,13
1029,0.1203000023961067,51.720001220703125,51720001220703.125,3482751411441.148,85.36603355959019,6096.323672500066,962.8460667415115,0.1579388035259378,26
1046,0.1229000017046928,37.09999847412109,37099998474121.086,2187378748028.5044,69.93817928514585,4578.725030087327,897.4048296280747,0.19599447962721606,10
1061,0.1485999971628189,44.900001525878906,44900001525878.91,2857231555915.6387,78.42197950693163,2209.4246007564325,934.3718016170537,0.4229027780794856,13
1062,0.2831000089645386,81.30000305175781,81300003051757.81,6560354781828.115,111.980995530538,671.3894148659779,1060.5798382862513,1.5796791173688123,13
1100,0.3388000130653381,68.22000122070312,68220001220703.125,5131885426539.202,100.79454313539324,7573.999836623937,1021.424284484047,0.13485929581685077,10
1117,0.1147999987006187,47.040000915527344,47040000915527.34,3049683639961.085,80.6436878473765,4169.224089470107,943.6436102540264,0.22633554589625332,16
1126,0.1512999981641769,45.08000183105469,45080001831054.69,2873280562350.4336,78.6104607933492,763.0658497251869,935.1645687677848,1.2255358683717508,11
1143,0.1096000000834465,41.380001068115234,41380001068115.234,2548632614510.0527,74.67311794903272,4959.93403783889,918.3553283140799,0.18515474627445241,19
1177,0.1512999981641769,48.66999816894531,48669998168945.31,3198647643503.6685,82.30889758258657,583.6893006164997,950.4912154414355,1.6284198021747447,13
1200,0.1128000020980835,41.040000915527344,41040000915527.34,2519363576957.783,74.30437817167714,1997.2184223473216,916.7535715039498,0.4590151789339563,21
1204,0.1636999994516372,50.70000076293945,50700000762939.45,3386972668476.655,84.35188002007804,767.983211637191,958.7778712672789,1.248435977165895,12
1228,0.1018000021576881,47.04999923706055,47049999237060.55,3050591170114.5747,80.6539718682012,2051.7425604814557,943.686163285334,0.45994374804209914,24
1230,0.1064999997615814,41.34999847412109,41349998474121.086,2546045947115.4077,74.64062816404888,630.0591131787208,918.2143920214843,1.4573464184796674,20
1246,0.1127000004053115,41.15999984741211,41159999847412.11,2529682696635.1436,74.43465943877104,5455.478533297742,917.3200515671257,0.16814657888730097,20
1256,0.1368999928236007,37.52999877929688,37529998779296.88,2222954176104.7744,70.4234208279231,3185.617727967788,899.5911698959429,0.2823914376160325,12
1275,0.1213999986648559,37.61000061035156,37610000610351.56,2229591071298.4565,70.51345445238832,3048.603078699844,899.995812568504,0.2952158051852164,11
1304,0.1190999969840049,47.38999938964844,47389999389648.44,3081498241334.0347,81.00316885225088,1679.3359823654791,945.1291031380485,0.5627992927339999,24
1327,0.1508000046014785,39.70000076293945,39700000762939.45,2404956697113.321,72.83905388497259,1388.6657655336433,910.339764467097,0.655549943738454,18
1339,0.1041999980807304,36.41999816894531,36419998168945.31,2131456272239.81,69.16620360369303,5242.823377071929,893.9072496171939,0.17050111844821164,18
1398,0.147599995136261,48.040000915527344,48040000915527.34,3140832308317.4233,81.66797575828824,4104.997249771874,947.865738263237,0.23090532845446182,12
1401,0.1366000026464462,43.86000061035156,43860000610351.56,2765009492415.7964,77.32700098440776,6418.3124163328175,929.743029519444,0.1448578643746769,18
1424,0.1428000032901764,49.59999847412109,49599998474121.086,3284542367583.821,83.24899223151633,2509.0387435970474,954.319771704056,0.38035274430872645,11
1425,0.1168999969959259,39.060001373291016,39060001373291.016,2350854204091.898,72.13222679772097,485.9611841651102,907.2176211264873,1.866852025815813,12
1433,0.1004000008106231,40.91999816894531,40919998168945.31,2509056191813.6826,74.17394029194571,2823.21958244285,916.1858001423982,0.3245180806480696,23
1442,0.1182999983429908,40.20000076293945,40200000762939.45,2447468019668.086,73.38809657320441,4080.842539230052,912.7521470154857,0.2236675731153543,15
1446,0.1306000053882599,44.95000076293945,44950000762939.45,2861686960900.023,78.47436480129824,1350.8216493952484,934.5922550643604,0.6918694673591955,24
1447,0.1270000040531158,42.959999084472656,42959999084472.66,2685904140268.1357,76.37101191785013,747.0777526370377,925.6689049236923,1.239052965579905,16
1463,0.1342999935150146,43.27000045776367,43270000457763.67,2713077499112.8447,76.70119439675165,645.3113243062744,927.0795488310059,1.436639206397996,12
1487,0.125,33.869998931884766,33869998931884.766,1925492343266.3455,66.21846310044629,707.2269308500331,880.326266814553,1.2447578399714894,13
1569,0.1416999995708465,41.59999847412109,41599998474121.086,2567622545499.263,74.91106575758268,3875.6774759114155,919.3863700696555,0.23721952504663715,12
1574,0.1438000053167343,42.91999816894531,42919998168945.31,2682403533616.45,76.32833762166902,670.115095910101,925.4863145950538,1.3810856078956504,12
1639,0.1685999929904937,45.400001525878906,45400001525878.91,2901875356031.005,78.94479611691933,760.8801750447169,936.5679560857023,1.2309007210375278,10
1652,0.1193000003695488,46.34999847412109,46349998474121.086,2987240259615.386,79.93184204776449,753.6913783897961,940.6900581774407,1.2481104138236967,11
1687,0.1421000063419342,40.540000915527344,40540000915527.34,2476496939954.6455,73.75988645363324,1143.9471825815644,914.3794357335108,0.7993196273887538,11
1695,0.151199996471405,39.119998931884766,39119998931884.766,2355911151216.6943,72.19868499719526,3662.540314334361,907.5119729590698,0.24778211161451835,10
1696,0.1137999966740608,40.11000061035156,40110000610351.56,2439800274790.386,73.28947119560635,549.1695800493893,912.319624923018,1.6612712321774432,18
1703,0.1327999979257583,47.45000076293945,47450000762939.45,3086961784506.709,81.06468906433031,3608.5255312986696,945.3829212783643,0.2619859311174476,20
1744,0.1817999929189682,41.119998931884766,41119998931884.766,2526241541791.8022,74.39124787142723,709.2875274786014,917.1313599398372,1.2930318445047044,10
1752,0.303600013256073,60.25,60250000000000.0,4312612244294.8643,93.55439998282446,5603.17579536702,994.6664813714996,0.17751834275732317,11
1755,0.1149000003933906,39.880001068115234,39880001068115.234,2420236273280.8774,73.03702649397387,3915.6594586760516,911.2108981506105,0.2327094344559539,21
1791,0.1102000027894973,39.2400016784668,39240001678466.8,2366034996394.7407,72.3314876482212,2250.1532608754014,908.0996748921639,0.4035723657947086,18
1801,0.1067999973893165,40.47999954223633,40479999542236.33,2471366971970.0933,73.69436590099882,688.7658051720647,914.0930243187275,1.327146349970688,16
1835,0.2849000096321106,50.09000015258789,50090000152587.89,3330059444200.8555,83.74147512142314,1114.1485984125352,956.3149074409939,0.8583369478753315,10
1839,0.1347000002861023,40.58000183105469,40580001831054.69,2479918606528.0596,73.80354527370562,2630.8665481227094,914.5701958689151,0.34763078215484516,12
1842,0.1334999948740005,41.90999984741211,41909999847412.11,2594449745414.0034,75.24550868943464,471.3236373963314,920.832143834172,1.9537151773694164,11
1847,0.1247999966144561,42.02999877929688,42029998779296.88,2604855689914.2046,75.3747029188066,2298.8991970068223,921.3895872785397,0.4007959933511627,13
1855,0.1238999962806701,38.400001525878906,38400001525878.91,2295431188178.9307,71.3984414929804,5751.063123688661,903.9564635867015,0.15718075843461007,11
1870,0.12219999730587,37.75,37750000000000.0,2241218910487.9014,70.67082489290479,896.4883019927723,900.7023285470697,1.0047005929078272,15
1874,0.1280000060796737,38.88999938964844,38889999389648.44,2336542315955.7344,71.9436965805344,1151.3600216049067,906.3816895099644,0.787226994599429,11
1878,0.1028999984264373,35.619998931884766,35619998931884.766,2066198313886.9343,68.25057714763447,5414.6904803138805,889.72755182335,0.16431734280253338,20
1929,0.1393000036478042,37.63999938964844,37639999389648.44,2232081205533.262,70.54719516286342,885.9684481414838,900.1473733406056,1.01600387150227,11
1968,0.1457999944686889,37.4900016784668,37490001678466.8,2219638165504.64,70.37837952603329,668.3500649429786,899.3886191554818,1.3456849431625546,13
2041,0.1523000001907348,39.79999923706055,39799999237060.55,2413441793389.202,72.94908102426757,4223.83646695526,910.8240930956414,0.2156390523689489,10
2067,0.1476999968290329,39.5,39500000000000.0,2388011828991.649,72.61866226752903,745.9397074353433,909.3682701951934,1.2190908475991216,14
2073,0.1143999993801117,34.97999954223633,34979999542236.33,2014411810784.0232,67.51213878635552,4737.912013783113,886.3314757629367,0.18707216874954619,16
2076,0.1256999969482422,38.77999877929688,38779998779296.88,2327295058368.6123,71.8215314976786,636.5514881712395,905.8392984818694,1.4230416789759959,14
2096,0.3770000040531158,56.56999969482422,56569999694824.22,3948400396203.185,90.08276186493485,13637.513023931368,981.3906539693472,0.07196258234526957,10
2098,0.1384000033140182,35.060001373291016,35060001373291.016,2020864710843.3748,67.60473959055822,1151.1898375559585,886.7585970109974,0.7702974505869825,11
2111,0.1098000034689903,33.349998474121094,33349998474121.094,1884233346831.3352,65.60659193034945,425.3416542897559,877.4607718210038,2.0629551866633085,10
2116,0.1125999987125396,36.18999862670898,36189998626708.98,2112635304874.434,68.90379259722806,1877.7200051806296,892.7128815193124,0.4754238539592258,14
2118,0.1150000020861625,35.4900016784668,35490001678466.8,2055649030262.1875,68.1010172102049,3012.061472567799,889.0415600226117,0.29516049659660465,12
2136,0.1181000024080276,35.27000045776367,35270000457763.67,2037831125435.4316,67.84740884000117,1106.3588076988606,887.8762023591923,0.80252102318045,17
2155,0.1116999983787536,37.900001525878906,37900001525878.91,2253696645614.4385,70.83917968991999,1434.482264910218,901.4570892041845,0.6284198217400794,18
2163,0.1316999942064285,46.2400016784668,46240001678466.8,2977320018671.485,79.81797247459971,1605.2745285154306,940.216108450624,0.585704246687414,15
2167,0.1308999955654144,37.0,37000000000000.0,2179129066213.8745,69.82501238940905,1581.1939306030672,896.8935962176957,0.5672255495413018,12
2209,0.1271000057458877,34.91999816894531,34919998168945.312,2009576007570.0337,67.44263257904143,1799.5966346865084,886.010641211749,0.49233846303902035,16
2217,0.1279000043869018,35.90999984741211,35909999847412.11,2089787390871.8408,68.58343436928092,500.6925287096885,891.2509650498698,1.7800364773699968,13
2303,0.1158000007271766,37.34999847412109,37349998474121.086,2208042170912.6865,70.22056831907362,433.5783511751622,898.6783127501927,2.072701070785552,16
2327,0.1057000011205673,34.709999084472656,34709999084472.656,1992677343532.288,67.19899041152112,1213.3432118884914,884.8843992137479,0.7292943913507224,18
2342,0.1264999955892563,43.77000045776367,43770000457763.67,2757069484571.391,77.23175747324265,1655.6821851875827,929.3385189474585,0.5613024813951042,15
2346,0.3007999956607818,59.880001068115234,59880001068115.234,4275580218081.281,93.20926141063184,12976.562956602289,993.3601505184628,0.07655032799059133,11
2370,0.1128000020980835,32.36000061035156,32360000610351.562,1806393947524.6555,64.4310337979678,3040.835007406363,871.9088206040424,0.2867333539900689,21
2399,0.1296000033617019,39.02999877929688,39029998779296.88,2348326573813.1304,72.09897815837103,4122.201894999091,907.0702961764953,0.22004509223017943,13
2481,0.1127000004053115,35.93000030517578,35930000305175.78,2091417073520.1624,68.60635078250262,1622.136879187833,891.3556807509361,0.5494947388146539,14
2570,0.1132000014185905,31.030000686645508,31030000686645.508,1703315267260.8848,62.82884240675661,2926.748093426803,864.2403068581896,0.2952902946444865,15
2596,0.1238000020384788,31.440000534057617,31440000534057.617,1734906613241.0054,63.32562923329569,566.272806622116,866.6308526961101,1.5304122722503049,15
2607,0.1479000002145767,35.529998779296875,35529998779296.875,2058893153567.8113,68.14705659302173,621.8370581228668,889.2528292019358,1.430041548000234,10
2633,0.1459999978542328,38.45000076293945,38450000762939.45,2299616593299.4907,71.45420615525822,4035.026429480095,904.2050188461773,0.22408899536320565,10
2637,0.1321000009775161,31.440000534057617,31440000534057.617,1734906613241.0054,63.32562923329569,4803.073029607071,866.6308526961101,0.1804325787582304,11
2658,0.1076000034809112,36.5099983215332,36509998321533.2,2138833994020.4407,69.26870601123082,2247.331054728456,894.3730337730692,0.39797119872093606,16
2688,0.1189000010490417,39.72999954223633,39729999542236.33,2407501264656.7793,72.87207281520446,2573.277826937115,910.4851576652594,0.35382310768556957,24
2716,0.120399996638298,32.81999969482422,32819999694824.22,1842445039394.4084,64.97901603200769,564.4867228194765,874.5045528989508,1.5492030503941867,15
2734,0.1260000020265579,32.880001068115234,32880001068115.234,1847162452433.3904,65.05026659660463,3741.925943580158,874.8410652299444,0.23379432902216224,15
2792,0.1358000040054321,45.27999877929688,45279998779296.88,2891142573291.41,78.81952819076734,1701.8923256066919,936.0425647474682,0.5500010492225395,16
2836,0.1050999984145164,30.76000022888184,30760000228881.84,1682602027765.3513,62.5002547620493,1078.7341248277066,862.6527127784956,0.799689833596649,16
2845,0.1058999970555305,33.779998779296875,33779998779296.875,1918333103510.1958,66.11283257536556,4464.219476328833,879.8327509393165,0.19708546042697037,21
2860,0.1108999997377395,37.810001373291016,37810001373291.016,2246207692638.6167,70.73819972080118,5851.844273063209,901.0045128252474,0.15396932501650581,18
2894,0.1035000011324882,30.6200008392334,30620000839233.4,1671890451460.9192,62.329422916726884,2671.53551554224,861.8252876835822,0.3225954821374172,15
2911,0.1055999994277954,33.81999969482422,33819999694824.22,1921514114555.3245,66.15979435072863,685.7558116168374,880.0522208059513,1.2833317718897816,19
2962,0.3495000004768371,61.18000030517578,61180000305175.78,4406094470840.4375,94.41819024921028,5107.8324801082545,997.9231447313034,0.1953711576520132,12
2979,0.1348000019788742,34.77000045776367,34770000457763.67,1997501503245.8093,67.26866437773329,622.2090920556273,885.206725334118,1.4226836872627666,19
2998,0.1057000011205673,35.08000183105469,35080001831054.688,2022478856880.3328,67.62787658073236,3692.595589592738,886.8652601145366,0.2401739477277419,22
3016,0.1412999927997589,30.5,30500000000000.0,1662724572155.3975,62.18274513456305,2338.635420426039,861.1137334378751,0.36821204618589176,14
3048,0.1213999986648559,34.38999938964844,34389999389648.438,1967005504322.9722,66.8265880262898,2956.3220581163646,883.1580878290595,0.2987354119299736,13
3072,0.1389999985694885,39.130001068115234,39130001068115.234,2356754491957.0825,72.20976021467929,973.6667867836399,907.5610103355568,0.9321063660120795,13
3073,0.1419000029563903,34.83000183105469,34830001831054.688,2002328994063.6472,67.33829026694133,678.748687136905,885.5286236423138,1.3046487461768024,11
3101,0.1120999976992607,34.189998626708984,34189998626708.984,1951008927015.9375,66.59313137835473,5322.344588977129,882.0728494152828,0.16573012789177624,17
3119,0.1340000033378601,34.099998474121094,34099998474121.094,1943822671904.4565,66.48789795126962,4000.929483693248,881.5828982179112,0.2203445228942461,12
3131,0.1328999996185302,36.38999938964844,36389999389648.44,2128998755052.9526,69.13201507440886,852.0706658207713,893.7517980929872,1.0489174594833233,10
3163,0.1368999928236007,32.86000061035156,32860000610351.562,1845589598489.1543,65.02652219162921,4535.944430357403,874.7289470467055,0.19284384111773223,13
3198,0.1004000008106231,39.0099983215332,39009998321533.2,2346642025738.1855,72.07680812860391,2019.5982673661285,906.9720374403049,0.44908537113330865,19
3255,0.100500002503395,33.810001373291016,33810001373291.016,1920718872326.9338,66.14805822974616,4070.869402574441,879.9973825466597,0.21616939663801157,27
3413,0.1552000045776367,32.79999923706055,32799999237060.547,1840873334523.8262,64.95525426749398,5504.716453673237,874.3922768200738,0.15884419918424705,10
3507,0.1176000013947486,30.3799991607666,30379999160766.6,1653573106625.8486,62.03583633116341,691.845748242621,860.4000173919991,1.243629840289585,14
3517,0.1083000004291534,33.150001525878906,33150001525878.906,1868432933535.2585,65.3702458996562,1340.597994628705,876.349511776003,0.6537004495659556,20
3605,0.1184000000357627,31.84000015258789,31840000152587.89,1765886658678.1072,63.80780773412438,5498.262592150119,868.9400476239178,0.15803902288415714,19
3644,0.1345999985933303,31.65999984741211,31659999847412.11,1751926216660.0378,63.59112848963061,661.5680628493401,867.9036901867656,1.3118887366611207,10
3746,0.1155999973416328,32.47999954223633,32479999542236.33,1815778878894.173,64.57428344217962,1999.0069780726249,872.5886899285559,0.4365110775000278,10
3752,0.1028999984264373,30.57999992370605,30579999923706.05,1668833510351.647,62.28055513635334,1455.5793905138726,861.5883384318947,0.591921226727264,20
3801,0.1340000033378601,31.280000686645508,31280000686645.508,1722558561063.5254,63.13207144781152,660.566368366706,865.7008324317067,1.3105433063027552,11
3849,0.1030000001192092,32.2400016784668,32240001678466.797,1797022926525.4846,64.28757151337969,2730.6995887773746,871.2270062176877,0.31904901212797454,23
3875,0.1108999997377395,32.27000045776367,32270000457763.67,1799364301536.4175,64.3234559394649,624.1884418370223,871.3976374463756,1.3960489798269935,19
3942,0.1094999983906745,33.720001220703125,33720001220703.125,1913564714798.24,66.04235266597547,770.6763411673109,879.5031916158425,1.1412095384733054,16
3945,0.1247000023722648,32.2400016784668,32240001678466.797,1797022926525.4846,64.28757151337969,4630.912448775034,871.2270062176877,0.18813290379699235,11
3964,0.1404000073671341,37.29999923706055,37299999237060.55,2203905110465.7593,70.16415200455438,2783.700150023289,898.4241454705846,0.3227445834865038,16
3974,0.1064999997615814,31.43000030517578,31430000305175.78,1734134103608.5105,63.313543144231474,538.4083480887805,866.5728320459124,1.6095085358948027,19
3980,0.1543000042438507,35.13999938964844,35139999389648.438,2027323195315.3423,67.6972515031884,5349.797944082602,887.1849485742092,0.16583522552576443,11
4068,0.1000000014901161,30.40999984741211,30409999847412.11,1655859656203.7952,62.072585843957796,947.5986462027778,860.5786527421021,0.908167879081104,11
4206,0.1367000043392181,32.279998779296875,32279998779296.875,1800144854132.3716,64.33541292872128,2122.082560407373,871.4544801368953,0.41066002633262466,10
4328,0.1352999955415725,30.96999931335449,30969999313354.49,1698705973078.752,62.75592053824036,467.968839723158,863.88842369039,1.846038347770016,14
4380,0.1802999973297119,37.36000061035156,37360000610351.56,2208870038414.9385,70.23185053765125,2739.0178653265025,898.7291264363804,0.3281209435737828,12
4390,0.1366000026464462,33.290000915527344,33290000915527.344,1879489352783.1023,65.53574959764279,912.4179614894259,877.1279423897752,0.9613225291597246,10
4393,0.1298000067472458,30.559999465942383,30559999465942.383,1667305639367.766,62.25611165817886,3448.0798634727353,861.4697741836303,0.24984043534188927,16
4536,0.1360000073909759,30.729999542236328,30729999542236.33,1680304982441.3914,62.46367316652371,743.8381935304695,862.4756473549422,1.159493630276479,10
4664,0.1164999976754188,31.56999969482422,31569999694824.22,1744957881046.2395,63.48260411496467,1187.253969240098,867.383807868685,0.7305798340887873,19
4847,0.1374000012874603,35.13999938964844,35139999389648.438,2027323195315.3423,67.6972515031884,4567.848821792679,887.1849485742092,0.1942237983756276,12
5287,0.1077999994158744,34.34000015258789,34340000152587.89,1963002938506.8655,66.76827600468025,5503.677246846685,882.8872398074071,0.16041769896904012,21
5413,0.1467999964952469,31.309999465942383,31309999465942.383,1724871808753.7556,63.168392201068016,709.7948291829656,865.875483126671,1.2198954508070559,10
5461,0.1345999985933303,31.71999931335449,31719999313354.49,1756576129775.3398,63.663408759442945,4654.111722208605,868.2496423528855,0.1865553932041963,16
6676,0.1334999948740005,32.66999816894531,32669998168945.312,1830666751823.8977,64.80066355936371,617.8951918635157,873.6612047853001,1.4139310619175032,11
9510,0.1379999965429306,30.700000762939453,30700000762939.453,1678008979907.6372,62.42707960994786,2552.0539621442545,862.2984598845023,0.3378841014631183,13
